gendre,avg_annual_income(k$),avg_spending_score
Male,62.22727272727273, 3242.4433
Female,59.651785714285715, 2334.7654
 Male,99.0, 5654.654565
